Player,Pos,Age,Tm,3P,3PA,2P,2PA,FT,FTA,ORB,DRB,TRB,AST,STL,BLK,TOV,PF,PTS,ORtg,DRtg,PER,TS%,3PAr,FTr,ORB%,DRB%,TRB%,AST%,STL%,BLK%,TOV%,USG%
Alex Abrines\abrinal01,SG,23,OKC,4.4,11.5,1.9,4.4,2,2.3,0.8,3.2,4,1.9,1.7,0.4,1.5,5.3,18.9,113,110,9,0.573,0.722,0.205,2.6,9.5,5.9,3.1,1.6,0.5,9.4,13.1
Quincy Acy\acyqu01,PF,26,BRK,3.3,7.7,2.7,6.5,4,5.3,1.7,8.3,9.9,1.7,1.3,1.4,1.8,5.4,19.4,113,110,7,0.504,0.779,0.201,3.4,18.9,11.1,4.7,1.1,1.3,15.6,14.4
Steven Adams\adamsst01,C,23,OKC,0,0,7.7,13.4,3.2,5.3,5.8,6.8,12.6,1.8,1.8,1.6,3,4,18.6,114,107,21.5,0.639,0.004,0.346,17.8,13.8,15.8,4.7,1.8,2.9,12.7,16.7
Arron Afflalo\afflaar01,SG,31,SAC,2,4.8,3.9,8.6,2.7,3,0.3,3.7,4,2.5,0.7,0.2,1.3,3.3,16.5,109,116,4.9,0.497,0.406,0.189,0.7,9.6,5.1,5.4,0.2,0.8,10.2,11.7
Cole Aldrich\aldrico01,C,28,MIN,0,0,4.3,8.2,1.4,2.1,4.9,10.2,15.1,2.4,2.4,2.2,1.6,8.1,10,118,107,9.2,0.372,0,0.444,12.3,16.9,14.6,4.8,3.6,3.2,8.5,18.6
LaMarcus Aldridge\aldrila01,PF,31,SAS,0.5,1.2,10.4,21.7,4.8,5.9,3.8,7.7,11.4,3,1,1.9,2.1,3.4,27.1,111,104,23.3,0.556,0.082,0.284,10.9,16.6,13.8,10.6,0.8,2.9,7.4,28.6
Tony Allen\allento01,SG,35,MEM,0.4,1.5,7,14.7,2.2,3.5,4.5,6.1,10.6,2.7,3.1,0.8,2.7,4.8,17.5,101,105,8.8,0.514,0.132,0.231,8.5,10.7,9.6,4.8,1.9,0.9,15.9,19.2
Al-Farouq Aminu\aminual01,SF,26,POR,2,5.9,3.2,7.1,2.7,3.8,2.2,10.5,12.6,2.8,1.7,1.2,2.6,2.9,14.9,100,108,12.3,0.545,0.571,0.127,4.4,21.2,13,5.2,1.4,1.8,10.3,14.7
Justin Anderson\anderju01,SF,23,DAL,2.7,8.9,5.4,11.4,5.1,6.5,2.9,8.1,10.9,2.3,2.1,1.2,2.9,4.7,24.1,101,107,13.2,0.54,0.481,0.204,6.4,12.9,9.7,6.5,1.6,1.1,5.6,17.7
Justin Anderson\anderju01,SF,23,PHI,2,6.8,5.1,8.5,3,3.9,2.8,6.2,9,3.2,1.2,0.7,2.4,4.2,19.1,109,111,13.2,0.54,0.481,0.204,6.4,12.9,9.7,6.5,1.6,1.1,5.6,17.7
Kyle Anderson\anderky01,SG,23,SAS,0.7,2,3.9,8.4,2.2,2.8,1.6,8.7,10.4,4.5,2.5,1.3,1.9,3.1,12.3,109,101,15.5,0.58,0.111,0.318,4.5,19.1,11.8,14.4,2.6,2.4,16.3,13.5
Ryan Anderson\anderry01,PF,28,HOU,4.6,11.5,2.7,6.1,2.9,3.4,2.5,4.9,7.5,1.5,0.7,0.3,1.2,3.2,22.2,119,113,12.2,0.588,0.709,0.192,6,15.7,10.8,5.1,0.7,1,8.7,14.4
Giannis Antetokounmpo\antetgi01,SF,22,MIL,0.9,3.2,10.8,19.3,8.4,10.9,2.5,10,12.5,7.7,2.3,2.7,4.2,4.4,32.7,116,104,29.6,0.614,0.09,0.503,7.3,26.3,16.7,23.9,2,2.9,10.8,31.8
Carmelo Anthony\anthoca01,SF,32,NYK,3,8.3,8.9,19.1,6,7.2,1.2,7.4,8.6,4.2,1.2,0.7,3,3.9,32.7,108,113,14,0.513,0.379,0.188,2.4,18.6,10.3,7.1,1,1.8,7.2,24.2
Trevor Ariza\arizatr01,SF,31,HOU,3.3,9.6,2.3,4.2,1.6,2.2,0.9,7,7.9,3,2.5,0.3,1.3,2.3,16.2,113,108,12.2,0.592,0.742,0.142,1.8,13.5,7.6,6.7,2.1,0.4,8.2,13.8
Darrell Arthur\arthuda01,PF,28,DEN,4.1,8.9,3.2,7.5,1.5,1.7,1.9,6.6,8.6,3.2,1.5,1.6,2.8,5.8,20,110,112,-0.7,0.363,0.478,0.043,1.6,14.5,8,5.9,2.1,1.2,25.4,19.5
D.J. Augustin\augusdj01,PG,29,ORL,3.1,8.8,3.2,7.8,4.2,5.2,0.5,3.3,3.8,6.7,1,0,2.9,3.3,19.9,104,115,14.7,0.602,0.518,0.385,1.8,8.1,4.9,22,1.9,0,16.6,18.1
Luke Babbitt\babbilu01,SF,27,MIA,4.1,9.9,1.2,3.4,0.5,0.7,0.6,6.1,6.7,1.7,0.9,0.5,1.2,5.6,15.3,110,109,12.1,0.633,0.652,0.134,1,15.7,8.3,7.1,0.5,0.8,7.9,14.9
Ron Baker\bakerro01,SG,23,NYK,1.3,5,3.4,7.6,1.6,2.5,0.7,5,5.7,6.2,2,0.5,3.3,4.3,12.5,92,113,9.4,0.504,0.559,0.441,1.5,7.2,4.4,15.7,3.4,1.4,20.4,10.1
J.J. Barea\bareajo01,PG,32,DAL,3.6,10,6,13.2,3,3.4,0.6,5.1,5.7,13,0.9,0.1,4.3,2,25.7,106,112,17.5,0.536,0.449,0.186,0.9,14.9,7.7,42.5,1.1,0.2,15.3,25.1
Harrison Barnes\barneha02,PF,24,DAL,1.4,4.1,9.7,19.6,4.5,5.2,1.7,5.6,7.3,2.2,1.2,0.3,1.9,2.4,28.2,106,111,15.9,0.537,0.252,0.255,3.5,18.6,10.8,9.5,1,0.6,8.2,24.6
Will Barton\bartowi01,SG,26,DEN,2.5,6.7,6,12.3,4.1,5.4,1.7,5.8,7.4,5.9,1.4,0.8,2.8,3.2,23.5,112,114,15.2,0.537,0.413,0.219,2.8,14.4,8.6,19.3,1.7,1.6,12.3,20.6
Nicolas Batum\batumni01,SG,28,CHO,2.6,7.8,4.9,10.9,4.7,5.4,0.9,8.3,9.2,8.7,1.6,0.6,3.7,2.1,22.3,105,108,13.2,0.521,0.415,0.196,2.8,12.8,7.7,22.7,1.5,0.9,16,18.6
Aron Baynes\baynear01,C,30,DET,0,0,6.2,12.1,3.4,4.1,4.8,9.6,14.5,1.4,0.7,1.7,2.2,7.2,15.9,114,106,11.3,0.503,0.029,0.227,8.9,22,15.6,7.9,0.8,2.7,14.5,16.3
Kent Bazemore\bazemke01,SF,27,ATL,2.3,6.7,5.1,11.4,3,4.2,1.1,4.7,5.8,4.4,2.3,1.3,3.1,4.1,20.1,97,106,15.1,0.549,0.407,0.305,1.6,14.9,8.2,20,3,2.2,17,22.5
Bradley Beal\bealbr01,SG,23,WAS,4.1,10.1,7.6,14.1,5.2,6.3,1,3.4,4.4,4.9,1.5,0.4,2.9,3.1,32.7,117,112,19.9,0.569,0.352,0.285,2.6,11.2,6.9,18.7,1.6,1.1,9.8,28.2
Michael Beasley\beaslmi01,PF,28,MIL,1,2.3,10.8,19.7,4.2,5.7,2.2,8.3,10.5,2.9,1.5,1.5,3.6,5,28.7,106,109,19.6,0.57,0.096,0.243,7.7,21.7,14.8,11.8,1.1,2.5,14.7,29.2
Marco Belinelli\belinma01,SG,30,CHO,2.9,8,4.6,9.4,4.2,4.7,0.4,4.6,5,4.1,1.2,0.3,2,2.5,22,110,112,14.4,0.555,0.509,0.229,1.2,8.1,4.6,13.6,1.9,0.2,9.2,21.4
Dragan Bender\bendedr01,PF,19,PHO,2.3,8.4,2.4,5,0.3,0.9,1.9,6.7,8.6,1.9,0.8,1.8,2.7,6.2,12.2,86,113,6.4,0.514,0.69,0.083,1.5,16.1,8.6,8.1,0.6,2.1,18,12.5
Davis Bertans\bertada01,PF,24,SAS,4.4,10.9,2.1,3.8,1.8,2.1,1.4,4.8,6.2,2.9,1.3,1.8,2,4.7,19.1,115,105,13.9,0.583,0.693,0.107,1.9,14.1,8,9.7,1.1,2.2,8.6,17.6
Patrick Beverley\beverpa01,SG,28,HOU,2.6,6.7,2.8,5.9,1.7,2.2,2.2,6.9,9.2,6.6,2.3,0.6,2.3,5.2,14.9,116,108,12.6,0.53,0.504,0.143,5.3,9.5,7.4,14.3,2.8,1.3,16.5,19.7
Bismack Biyombo\biyombi01,C,24,ORL,0,0,4.9,9.4,3.5,6.5,4.3,11.3,15.7,2,0.7,2.5,2.6,5.6,13.4,106,108,13.6,0.572,0.005,0.495,10.5,23.7,17.1,4.4,0.6,5.6,18,13.5
Nemanja Bjelica\bjeline01,PF,28,MIN,2.4,7.5,4,7.6,1.9,2.6,2.4,8,10.4,3.4,1.7,0.9,2.5,6.6,17.2,105,111,14.2,0.631,0.494,0.139,4.2,18.8,11.4,7.2,1.9,0.7,12,15.3
Tarik Black\blackta01,C,25,LAL,0,0.1,6.7,13,3.7,4.9,6.4,8.9,15.3,1.7,1.3,2,2.6,7.7,17.1,114,111,13.4,0.56,0.089,0.5,14.2,20,17.1,3.5,1.8,4.5,19.7,17.4
Eric Bledsoe\bledser01,PG,27,PHO,2.3,6.8,7.6,15.9,8.5,10.1,1.1,5.9,7,9.2,2,0.7,4.9,3.6,30.6,111,112,17.4,0.54,0.359,0.333,2.5,11.3,6.9,22,3.5,1.6,15.6,27.3
Bojan Bogdanovic\bogdabo02,SF,27,BRK,3.2,8.9,5.4,10.7,4.7,5.3,0.7,5.6,6.3,2.9,0.8,0.1,3,3.2,25,106,114,12.6,0.586,0.464,0.22,1.1,10.7,6,6.6,1.2,0.1,9.7,18.4
Bojan Bogdanovic\bogdabo02,SF,27,WAS,3.7,9.4,5.1,9.8,5.8,6.2,1.1,5.4,6.6,1.7,0.8,0.3,3.1,3.9,27.1,113,113,12.6,0.586,0.464,0.22,1.1,10.7,6,6.6,1.2,0.1,9.7,18.4
Andrew Bogut\bogutan01,C,32,DAL,0,0.1,3.4,7.2,0.3,1,5,14.5,19.5,4.4,1.2,2.2,3.8,7.5,7.1,93,104,10.9,0.696,0,0.08,12.6,25.9,19.2,9.2,0.9,4.9,42.3,8.7
Devin Booker\bookede01,SG,20,PHO,2.6,7.1,8,18,6.4,7.7,0.8,3.6,4.4,4.7,1.3,0.4,4.2,4.2,30.3,103,116,18.5,0.563,0.365,0.326,1.4,12.8,7,25.2,1.3,0.6,14.3,31.3
Trevor Booker\booketr01,PF,29,BRK,0.7,2.1,7.6,13.9,2,3,3.9,11.6,15.4,3.7,2,0.8,3.4,4.1,19.2,105,107,16.1,0.57,0.069,0.33,10.9,19.8,15.4,12.1,1.3,1.5,14.2,17.7
Avery Bradley\bradlav01,SG,26,BOS,2.9,7.5,6.8,13.5,1.8,2.5,1.8,7.3,9,3.3,1.8,0.3,2.4,3.8,24.2,105,108,9.9,0.497,0.34,0.14,1.6,6.8,4.2,10.5,1.8,0.5,13.3,24.4
Corey Brewer\breweco01,SF,30,HOU,1.1,4.9,3.7,6.9,1.7,2.3,1.1,4.8,5.9,3.2,1.9,0.6,1.9,5.4,12.6,100,110,8.8,0.513,0.29,0.31,2.8,11.7,7.2,7.6,3,1,17.1,14
Malcolm Brogdon\brogdma01,SG,24,MIL,2,4.9,5.4,11.3,2.8,3.2,1.2,4.3,5.5,8.1,2.2,0.3,2.9,3.6,19.7,111,111,14.6,0.579,0.319,0.174,1.9,11,6.5,16.7,1.5,0.8,11,19.3
Aaron Brooks\brookaa01,PG,32,IND,2.7,7.2,4.1,9.6,1.8,2.2,1,2.9,3.9,7,1.4,0.5,3.7,5.2,18,98,113,10.1,0.513,0.412,0.118,3.7,6.1,4.9,15.5,1.9,0,14.4,17.8
Jaylen Brown\brownja02,SF,20,BOS,1.7,5,5.4,10.6,3.1,4.6,1.7,6.5,8.1,2.4,1.3,0.7,2.5,5.3,19,102,110,13,0.551,0.394,0.288,3.6,14.9,9.4,7.8,1.7,1,11.7,20.8
Nicolas Brussino\brussni01,SF,23,DAL,2.9,9.5,2.3,4.6,1.7,2.2,2.6,6.9,9.5,4.7,1.7,0.8,2.6,4.3,15,101,109,-4.7,0,1,0,0,34.7,17.1,0,0,0,0,8.8
Trey Burke\burketr01,PG,24,WAS,2.2,4.9,6,13,1.5,2,0.5,2.8,3.3,7,0.8,0.4,3.4,3.8,20,103,114,24.1,0.603,0.2,0.2,2.3,5.5,3.9,46,0.5,0,7.6,23.1
Alec Burks\burksal01,SG,25,UTA,2,6.1,5.9,13.8,4.8,6.3,1.4,8.3,9.6,2.4,1.4,0.4,2.8,4,22.7,98,106,14.8,0.536,0.336,0.328,2.1,18.3,10.1,10.2,2,0.8,10.2,23.4
Jimmy Butler\butleji01,SF,27,CHI,1.6,4.4,8.6,18,10.5,12.1,2.3,6.1,8.4,7.5,2.6,0.6,2.9,2,32.6,123,106,23.7,0.591,0.212,0.449,4.3,12.7,8.5,20.9,2.7,1,9.4,24.5
Kentavious Caldwell-Pope\caldwke01,SG,23,DET,3.1,8.7,4.3,9.8,3.1,3.7,1.1,3.9,5,3.9,1.8,0.2,1.7,2.4,20.9,107,109,12.5,0.532,0.507,0.247,2.6,12.6,7.5,8.9,2.3,0.6,9.7,17.5
Isaiah Canaan\canaais01,SG,25,CHI,2.1,8,3.2,6.7,2.6,2.8,0.5,3.7,4.3,3.1,1.9,0.1,1.8,3,15.4,100,110,13.7,0.539,0.482,0.372,1.5,10.2,5.8,26.8,1.8,0.2,15.4,19
Clint Capela\capelca01,C,22,HOU,0,0,11.2,17.4,2.9,5.5,5.5,10.8,16.3,1.9,1.1,2.4,2.7,5.5,25.3,122,106,25,0.661,0.002,0.378,13.5,32.6,23,7.1,1.4,5.6,13.3,20.1
DeMarre Carroll\carrode01,SF,30,TOR,2.9,8.6,3,6.2,2.4,3.2,1.7,5.7,7.4,2,2.2,0.7,1.5,3.9,17.2,110,108,14.1,0.538,0.474,0.322,5.8,17.6,11.7,10.3,1.4,1,11.2,19.9
Vince Carter\cartevi01,SF,40,MEM,3.2,8.6,2.3,5.6,2.5,3.3,1,5.5,6.6,3.8,1.7,1,1.4,4.7,16.9,112,108,12,0.515,0.553,0.14,1.9,13.2,7.3,9.8,2.7,3.5,8.6,14.6
Michael Carter-Williams\cartemi01,PG,25,CHI,0.9,3.8,5.8,14.4,3.5,4.6,1.4,7.7,9.1,6.7,2.3,1.4,3.9,6.1,17.7,90,105,9.6,0.423,0.258,0.413,5.3,13.4,9.3,20.1,2.3,2.2,18.3,15.6
Willie Cauley-Stein\caulewi01,C,23,SAC,0,0.1,9.1,17.1,3.6,5.4,3,9,12.1,2.8,1.9,1.6,2.5,5.2,21.8,109,109,17.6,0.527,0.023,0.328,6.9,21.9,14.1,13.4,2,3.1,11.2,21.7
Tyson Chandler\chandty01,C,34,PHO,0,0,5.6,8.4,3.4,4.6,5.6,14.2,19.9,1.1,1.2,0.9,2.4,4.6,14.6,129,109,14.2,0.64,0,0.541,12.9,28,20.3,6,0.7,2,20.6,10.7
Wilson Chandler\chandwi01,SF,29,DEN,2.4,7.2,7.2,13.6,3.1,4.3,2.3,7.9,10.2,3.1,1.1,0.7,2.5,3.8,24.8,109,113,9.7,0.518,0.384,0.208,5.2,14,9.6,8.9,0.8,1.4,14.2,14.3
Marquese Chriss\chrisma01,PF,19,PHO,2,6.2,5.8,11.2,3.1,5,2.6,6.9,9.6,1.6,1.8,1.9,3,7.2,20.7,102,110,10.4,0.497,0.429,0.307,4.5,21.8,13,8.6,1.7,3.7,16,17
Ian Clark\clarkia01,SG,25,GSW,2.6,6.9,6.3,11.4,1.9,2.5,0.9,4.2,5.1,3.8,1.7,0.3,2.3,3.3,22.3,108,108,8.3,0.515,0.462,0.151,0.8,8.8,4.9,10.7,1,0.7,10.1,15.9
Jordan Clarkson\clarkjo01,SG,24,LAL,2.4,7.2,7.3,14.5,2.7,3.4,1,4,5,4.3,1.8,0.2,3.3,3,24.5,102,115,17.3,0.533,0.309,0.199,3.7,9.8,6.7,23.1,1.4,0.2,11.4,27.5
Darren Collison\collida01,PG,29,SAC,1.8,4.3,6.5,13.2,3.6,4.2,0.6,3.2,3.7,7.7,1.6,0.2,2.8,2.9,22.1,113,114,18.8,0.607,0.328,0.234,2.2,7.9,5.1,24.9,2.4,0.7,10.8,17.6
Mike Conley\conlemi01,PG,29,MEM,3.9,9.5,6.7,13.4,7.2,8.4,0.7,4.8,5.5,9.8,2.1,0.4,3.5,2.9,32.1,121,108,15.9,0.52,0.458,0.393,0,8.5,4.2,22.4,1.6,0.7,8.4,26.3
DeMarcus Cousins\couside01,C,26,SAC,2.5,7.1,11,22.8,11.3,14.7,3.1,12.5,15.6,7.1,2,2,5.5,5.4,40.9,108,106,23,0.583,0.34,0.456,7,31.8,19.9,23.9,2.2,3.6,18.9,32.3
DeMarcus Cousins\couside01,C,26,NOP,3.1,8.2,9,18.6,8,10.3,3.2,14.8,18,5.6,2.1,1.6,5.3,6.4,35.3,104,101,23,0.583,0.34,0.456,7,31.8,19.9,23.9,2.2,3.6,18.9,32.3
Robert Covington\covinro01,SF,26,PHI,3.1,9.5,3.6,7.4,3.3,4,2.1,7.9,10,2.3,2.9,1.6,3,4.7,19.9,100,105,12.7,0.574,0.667,0.18,2.6,15.8,9.4,8.7,2.4,1.9,14.2,17.6
Allen Crabbe\crabbal01,SG,24,POR,3,6.7,3.7,7.6,2.3,2.7,0.4,4.6,5,2.1,1.2,0.4,1.4,3.8,18.6,117,114,10.5,0.531,0.645,0.178,1.3,14.7,7.9,9,1,1,9.7,18.2
Jamal Crawford\crawfja01,SG,36,LAC,2.7,7.5,5.6,12.7,4,4.7,0.4,2.6,3,5,1.4,0.3,3.1,2.7,23.4,102,112,14.8,0.531,0.408,0.182,1,6.3,3.6,19.5,1.4,0.5,10.4,24.4
Jae Crowder\crowdja01,SF,26,BOS,3.3,8.4,3.7,6.9,3.7,4.6,1,7.8,8.8,3.3,1.6,0.5,1.7,3.4,21.2,118,108,10.5,0.547,0.504,0.24,3.6,11.1,7.4,6.1,1.5,0.7,9.2,15.2
Dante Cunningham\cunnida01,SF,29,NOP,2.1,5.4,3.1,5.3,0.5,0.8,1.7,6.6,8.2,1.1,1.2,0.8,0.8,3,12.9,114,109,8.6,0.528,0.479,0.164,5.3,14,9.8,3.1,1.2,1.2,6.8,10.1
Stephen Curry\curryst01,PG,28,GSW,5.9,14.4,6.4,11.9,5.9,6.6,1.1,5.3,6.4,9.6,2.6,0.3,4.4,3.3,36.5,119,105,28.5,0.673,0.575,0.371,2.3,13.8,8.5,30.7,2.3,0.3,12.7,31
Troy Daniels\danietr01,SG,25,MEM,6.1,15.6,2.1,6.2,1.9,2.4,1,3.4,4.4,2,0.9,0.2,2,4,24.2,104,112,10.5,0.613,0.818,0.122,0.5,6.5,3.4,4.6,0.6,0.2,8.6,17.1
Anthony Davis\davisan02,C,23,NOP,0.7,2.4,13.2,25.2,9.4,11.7,3.1,12.9,16,2.8,1.7,3,3.3,3,38,112,102,28,0.625,0.108,0.448,7.7,24.3,16.3,11.9,1.6,4.9,8.8,28.3
Ed Davis\davised01,PF,27,POR,0,0,4.7,8.9,3.1,5.1,6,9.3,15.4,1.6,0.9,1.4,2.3,8.6,12.6,116,110,16.4,0.603,0,0.441,14.7,26.4,20.7,4,1.2,3.2,15.4,13
Dewayne Dedmon\dedmode01,C,27,SAS,0,0,6.2,9.9,2.5,3.6,4.9,14.1,19,1.7,1.4,2.3,2.3,6.9,14.8,122,99,17.1,0.627,0.236,0.182,9.1,28.5,18.7,10.2,0.8,2.5,15,17.7
Sam Dekker\dekkesa01,SF,22,HOU,2,6.3,4.8,8.2,1.3,2.3,3.2,6.4,9.6,2.6,1.3,0.7,1.4,2.8,17,115,110,10.4,0.503,0.281,0.224,5.1,14.9,10,6.4,1.5,0.9,10.6,15.4
Malcolm Delaney\delanma01,PG,27,ATL,1,4.3,4.7,11,3,3.7,0.4,4.5,4.9,7.6,1.5,0,3.8,4.4,15.4,92,109,9.5,0.501,0.422,0.28,1.1,10.3,5.6,22.2,1.5,0.4,17.4,16.7
Matthew Dellavedova\dellama01,PG,26,MIL,2,5.5,3.3,8.2,2.1,2.5,0.6,3.1,3.8,9.1,1.4,0,3.4,3.9,14.8,102,114,8.9,0.506,0.514,0.155,2.3,8.6,5.4,28.1,1,0,22.9,13.7
Luol Deng\denglu01,SF,31,LAL,1.7,5.4,3.7,8.5,1.5,2.1,2.1,7.6,9.7,2.4,1.6,0.7,1.4,2,13.9,101,113,5.6,0.5,0,0,0,0,0,10.1,3.7,0,33.3,9.7
DeMar DeRozan\derozde01,SG,27,TOR,0.6,2.4,13.3,27.5,10.5,12.5,1.4,6.1,7.5,5.6,1.5,0.3,3.5,2.6,39.1,113,110,22.9,0.568,0.183,0.415,2.7,10.4,6.6,24.8,1.7,0.6,9.6,30.1
Gorgui Dieng\dienggo01,PF,27,MIN,0.3,0.8,6,11.8,2.6,3.2,3.6,8.8,12.4,3,1.7,1.8,2,4.9,15.6,114,110,16.1,0.567,0.167,0.289,8.2,21.4,14.7,8.5,2.1,2.4,11.9,16.5
Spencer Dinwiddie\dinwisp01,PG,23,BRK,1.4,3.6,3.4,7.1,4.5,5.7,1,4.9,5.8,6.6,1.6,0.8,2.3,4.2,15.4,116,112,17.1,0.536,0.505,0.302,1.9,10.5,6.2,36.4,1.2,0.9,11,21.5
Goran Dragic\dragigo01,PG,30,MIA,2.4,5.9,8.5,17.1,6.1,7.7,1.3,4.4,5.7,8.7,1.8,0.3,4.3,4.1,30.4,112,109,15.5,0.522,0.284,0.256,2.4,12,7.3,25.8,1.4,0.6,12.9,26.7
Andre Drummond\drumman01,C,23,DET,0,0.1,10.1,19,2.9,7.4,7.2,16.1,23.4,1.9,2.6,1.9,3.2,5,23.2,104,99,23.8,0.571,0.012,0.448,16.3,36.2,26,18.6,2.4,3.7,17.6,21.1
Jared Dudley\dudleja01,PF,31,PHO,2.7,7.1,2.8,5,1.5,2.3,1.1,6.8,7.9,4.3,1.5,0.6,2.6,5.4,15.3,109,113,10.8,0.55,0.649,0.27,1.9,12.5,7.1,19.5,2,0.8,12.7,10.3
Kris Dunn\dunnkr01,PG,22,MIN,0.8,2.8,3.7,9.1,1.4,2.2,0.9,5.4,6.3,7.2,3,1.4,3.4,6.8,11.1,90,109,15,0.483,0.191,0.139,1.9,15.2,8.3,35.3,3.4,1.3,17.2,25.3
Kevin Durant\duranke01,SF,28,GSW,2.7,7.3,10.1,16.6,7.8,8.9,0.9,11,11.9,7,1.5,2.3,3.2,2.7,36.1,125,101,25.1,0.631,0.343,0.298,1.8,18.7,11,25.2,1.2,4.4,13.4,29.7
Wayne Ellington\ellinwa01,SG,29,MIA,5,13.2,2.8,5.4,1.2,1.4,0.6,3.8,4.4,2.4,1.2,0.1,1,2.4,21.8,114,111,13.1,0.596,0.833,0.102,1.2,11.4,6.3,6.1,1.2,0.4,6.8,17.6
Joel Embiid\embiijo01,C,22,PHI,2.2,6.1,10.2,20.5,11.8,15.1,3.8,11.3,15.1,4.1,1.7,4.7,7.3,6.9,38.9,103,102,22.7,0.581,0.185,0.467,7.8,29.2,18.9,18.5,0.9,4.9,16.7,33
James Ennis\ennisja01,SF,26,MEM,1.8,4.7,3.3,6.4,3,3.8,2.4,6.6,9,2.2,1.6,0.7,2,5.7,14.9,113,108,12.3,0.625,0.382,0.338,5.6,11.6,8.6,7.2,1.5,1,13,12.5
Kenneth Faried\farieke01,PF,27,DEN,0,0.2,8.6,15.4,4.9,7.1,6.9,10.5,17.4,2.1,1.6,1.5,2.2,4.7,22.1,123,110,17.7,0.552,0.007,0.345,16.5,20.9,18.6,5.9,1.3,2.4,11.9,18.3
Derrick Favors\favorde01,PF,25,UTA,0.1,0.4,8.8,18,3,4.8,4.1,9.4,13.5,2.5,2,1.8,2.7,4.6,21,104,102,18.8,0.582,0.056,0.309,10.1,19.5,14.7,8.4,1.5,3.1,10.9,19.2
Cristiano Felicio\feliccr01,C,24,CHI,0,0,6.2,10.7,2.9,4.5,6,9.1,15.1,1.9,1.2,0.8,1.6,5.3,15.3,126,107,11.4,0.612,0,0.427,8,14.4,11.1,7.7,0.5,1.4,16,12.8
Raymond Felton\feltora01,PG,32,LAC,1.4,4.2,5.1,10.9,1.5,1.9,1,5.4,6.4,5.6,1.9,0.6,2.4,3.7,15.8,101,109,13.6,0.497,0.377,0.085,2.1,11.6,6.7,23.7,1.6,0.9,11.8,20.2
Yogi Ferrell\ferreyo01,PG,23,DAL,3,7.4,4.1,9.8,3.2,3.6,0.8,4.1,4.9,7.7,2,0.3,2.8,3.9,20.3,108,110,11.2,0.56,0.489,0.17,1.6,11.7,6.5,12.3,1.2,0.2,10.6,16.3
Dorian Finney-Smith\finnedo01,PF,23,DAL,1.8,6.1,2.2,4.5,1.5,1.9,1.7,5.3,7,2.1,1.6,0.8,1.4,4,11.1,99,110,5.4,0.568,0.636,0.091,5.8,6.1,5.9,7.9,0,1,23.4,14.6
Evan Fournier\fournev01,SG,24,ORL,2.8,8,6.2,12.6,4.9,6.1,1,3.7,4.6,4.5,1.5,0.1,3.1,4,25.9,106,114,15.8,0.581,0.402,0.208,1.6,9.2,5.4,14.6,1.3,0.7,10.7,23.3
Tim Frazier\fraziti01,PG,26,NOP,1.3,4.1,3.9,8.9,3.1,4.1,1.1,4.5,5.6,10.8,1.8,0.2,3.2,4.3,14.9,106,110,11.1,0.488,0.339,0.153,2.1,11.9,7,31.5,2.6,0.7,25.5,12.7
Channing Frye\fryech01,C,33,CLE,4.9,12,3.6,6.6,2.2,2.6,1.3,9,10.4,1.6,1.2,1.3,1.9,4.9,24.1,115,109,14.9,0.634,0.52,0.086,2.1,19.2,10.8,8.5,1.4,2.1,8.7,15.4
Danilo Gallinari\gallida01,SF,28,DEN,2.9,7.4,4.8,9.7,8,8.9,0.9,6.5,7.4,3.1,0.9,0.3,1.9,2.1,26.2,126,115,10.6,0.483,0.437,0.252,0.6,14.8,7.7,11.5,1,0.4,8.7,21.3
Langston Galloway\gallola01,PG,25,NOP,4.4,11.7,2.8,7.6,1.7,2.3,0.9,4.4,5.3,2.8,1.7,0.2,1.2,3.3,20.6,102,110,12.8,0.515,0.654,0.134,1.6,11.2,6.3,9.6,2.1,0.6,4.7,19
Marc Gasol\gasolma01,C,32,MEM,2.1,5.5,8.8,18.3,5.7,6.8,1.2,8.3,9.5,6.9,1.4,2,3.4,3.5,29.7,111,106,17.7,0.529,0.291,0.331,4.3,25.2,14.7,19.8,1,4,13.8,26.3
Pau Gasol\gasolpa01,C,36,SAS,1.8,3.3,7.7,15.7,4.1,5.8,3.4,12.3,15.7,4.7,0.8,2.2,2.5,3.4,24.8,116,102,19.4,0.562,0.213,0.323,6.9,29.6,18.3,20.4,0.6,3.3,13.7,20.1
Rudy Gay\gayru01,SF,30,SAC,2.1,5.6,7.9,16.4,5.9,6.9,1.7,7.7,9.5,4.1,2.2,1.3,3.7,3.9,28.1,105,109,17.5,0.557,0.223,0.301,6.6,18.7,12.7,10.9,1.8,2.4,13.4,23.6
Paul George\georgpa01,SF,26,IND,3.6,9.2,7.9,15.9,6.3,7,1.1,8.1,9.2,4.7,2.2,0.5,4.1,3.8,33,109,108,19.1,0.582,0.451,0.286,2.6,14.6,8.4,13,3,1.4,12.5,25.2
Taj Gibson\gibsota01,PF,31,CHI,0.1,0.4,9.2,17.4,2.9,4,4,8.8,12.8,2,0.9,1.7,2.6,4.1,21.4,108,107,15.9,0.606,0.06,0.241,8.6,17.2,12.8,5.6,1.3,1.9,9.8,14.7
Manu Ginobili\ginobma01,SG,39,SAS,3.5,9,3.2,8.4,3.4,4.2,1.1,5.1,6.2,7.2,3.2,0.6,3.8,4.7,20.4,104,102,13.3,0.559,0.415,0.234,1.9,9.8,5.8,18.6,1.6,1.3,16.7,21.6
Rudy Gobert\goberru01,C,24,UTA,0,0,7.9,11.9,5.9,9.1,6,13.8,19.8,1.9,0.9,4.1,2.8,4.7,21.7,129,99,19.7,0.619,0,0.627,10.3,26.3,18.3,6.1,1.2,7.2,16.6,17.8
Aaron Gordon\gordoaa01,SF,21,ORL,1.7,5.8,6.8,12.9,3.4,4.7,2.5,6.2,8.7,3.2,1.4,0.9,1.9,3.7,22,107,111,16.9,0.547,0.39,0.279,5.5,21.8,13.5,10.1,1.3,1.6,10.3,24.1
Eric Gordon\gordoer01,SG,28,HOU,5.1,13.7,3.4,7.3,3,3.6,0.6,3.6,4.2,3.9,1,0.8,2.5,3.1,25.1,109,113,15,0.566,0.614,0.27,1.3,7.2,4.2,12.7,1,0.9,11,25.6
Marcin Gortat\gortama01,C,32,WAS,0,0,7.5,13,2,3.1,4.6,11.8,16.4,2.3,0.8,1.2,2.3,4.1,17,117,108,14.8,0.553,0,0.32,9.5,24.1,16.8,9.6,1,2.4,13.3,15.4
Jerami Grant\grantje01,PF,22,OKC,1.4,3.8,3.4,6.5,2.8,4.6,1.3,5.3,6.6,1.5,1.1,2.5,1.4,4.7,13.9,113,108,14.2,0.576,0.248,0.44,5.6,16.1,10.7,5.2,1,4,9.7,15.2
Jerian Grant\grantje02,PG,24,CHI,2.4,6.6,3.9,8.2,3.2,3.6,0.8,4.6,5.4,5.9,2.3,0.4,2.2,4.6,18.1,114,108,14.6,0.533,0.362,0.359,1.9,9.8,5.7,31.7,1.7,0.4,14.1,17.5
Danny Green\greenda02,SG,29,SAS,3.3,8.8,1.6,3.9,0.8,0.9,0.9,5.4,6.3,3.5,2,1.6,2.1,3.4,14,103,104,12,0.509,0.551,0.089,2.2,13.1,7.7,10.7,2,3.6,12.1,16.6
Draymond Green\greendr01,PF,26,GSW,1.6,5.1,3.7,7.5,2.9,4.1,1.9,9.8,11.7,10.4,3,2.1,3.6,4.2,15.1,111,99,16.8,0.567,0.428,0.314,4.3,21.3,13.6,28.7,1.9,3.2,22.2,17.2
Gerald Green\greenge01,SF,31,BOS,3.6,10.2,5.2,11.2,3,3.8,1.5,6.3,7.7,3,0.8,0.6,2.3,4.4,24.1,102,111,14.1,0.577,0.702,0.205,1.9,12.7,7.3,4.1,1.2,1,6.8,21.9
JaMychal Green\greenja01,PF,26,MEM,1.4,3.6,4.8,8.8,3.3,4.1,4.1,9.3,13.5,2.1,1.2,0.8,2.3,6.1,17.1,117,107,13.6,0.537,0.27,0.232,10.7,21.9,16.3,7.3,1.2,1,13.7,18.6
Jeff Green\greenje02,PF,30,ORL,1.7,6.2,5.4,11.8,4.7,5.4,1.3,5.7,6.9,2.6,1.2,0.4,2.4,3.3,20.6,99,113,15.9,0.592,0.239,0.406,4.8,12,8.4,8.9,1.2,1.4,9.7,19.8
Blake Griffin\griffbl01,PF,27,LAC,0.9,2.7,10.6,20.7,7.7,10.1,2.7,9.3,12,7.2,1.4,0.5,3.4,3.8,31.7,115,108,21,0.556,0.322,0.393,4.4,20.9,12.7,26.5,1.2,0.8,12.6,29.3
Tim Hardaway\hardati02,SG,24,ATL,3.4,9.5,6.1,11.3,3.8,4.9,0.8,4.3,5.1,4.2,1.3,0.3,2.4,2.4,26.2,110,109,15.4,0.534,0.493,0.246,2.2,12,7.2,14.1,1.8,0.6,9,23.7
James Harden\hardeja01,PG,27,HOU,4.3,12.3,6.7,12.7,12.1,14.3,1.5,9.2,10.7,14.8,2,0.6,7.6,3.5,38.4,118,107,30.3,0.622,0.505,0.473,1.7,13.9,7.8,46,2.5,1.7,14.6,35.7
Maurice Harkless\harklma01,SF,23,POR,1.5,4.3,5.5,9.6,1.7,2.8,2.8,4.8,7.6,2,1.9,1.6,1.9,4.8,17.3,112,110,9.5,0.528,0.367,0.189,3.6,10.9,7.3,4.8,1.6,3.1,14.1,12.6
Montrezl Harrell\harremo01,C,23,HOU,0,0.3,10.1,15.2,3.4,5.5,3.7,6.2,9.9,2.9,0.9,1.9,2,5.7,23.8,129,110,22.2,0.621,0.008,0.435,10.1,18.5,14.3,8.4,1.4,3.5,10.6,22.3
Devin Harris\harride01,PG,33,DAL,2.8,8.5,3.7,7.9,5.1,6.2,0.5,5.6,6.1,6.5,2.1,0.3,2.7,4.8,20.9,108,109,12.9,0.544,0.44,0.388,1.1,10.8,5.8,16.5,2,0.9,12.8,21.8
Gary Harris\harriga01,SG,22,DEN,2.9,7,5.8,10.5,2.8,3.7,1.3,3.6,4.9,4.5,1.9,0.2,2.1,2.5,23.3,121,114,17.1,0.602,0.447,0.17,1.8,7,4.4,14.5,2.7,0.7,11.3,20.3
Joe Harris\harrijo01,SG,25,BRK,3.5,9.2,2.9,5.9,1.5,2,0.7,5.5,6.1,2.2,1.2,0.3,2.3,5,17.8,101,113,12.9,0.62,0.595,0.162,2.4,11.1,6.7,8.7,0.9,0.6,10,16
Tobias Harris\harrito02,PF,24,DET,2.1,6.2,7.9,14.7,3.7,4.4,1.2,6.9,8.2,2.8,1.2,0.8,1.9,2.6,26,113,108,17,0.564,0.389,0.192,2.5,15.4,8.8,10,1.1,0.8,6.2,23.3
Andrew Harrison\harrian01,PG,22,MEM,1.5,5.5,2.6,7.2,5.2,6.8,0.8,4,4.8,7,1.9,0.7,3,6.8,15,100,109,11.6,0.52,0.333,0.387,2.2,9.9,6,19.5,1.6,1.9,15.6,18.8
Gordon Hayward\haywago01,SF,26,UTA,3.1,7.8,8.3,16.3,7.5,8.9,1,7.2,8.2,5.3,1.5,0.4,2.9,2.4,33.4,118,106,7.4,0.5,0.5,0,0,21.3,10.9,0,0,0,0,17.9
John Henson\hensojo01,C,26,MIL,0,0,7.2,13.9,3.3,4.8,4.2,9.2,13.3,2.6,1.3,3.5,2.4,6.8,17.7,110,106,16,0.601,0.013,0.356,9,22.3,15.6,8.3,1,4.9,14.7,15.5
Juan Hernangomez\hernaju01,PF,21,DEN,2.7,6.6,3.2,6.4,3.3,4.4,2.5,8.4,10.8,1.7,1.7,0.7,1.8,3.6,17.7,117,112,9.5,0.519,0.686,0.216,7.3,14.9,11.1,5.1,0.9,1.2,11.1,12.8
Willy Hernangomez\hernawi01,C,22,NYK,0.2,0.6,9.1,17,3.4,4.7,6.4,12.5,19,3.6,1.5,1.4,3.8,5.7,22.2,111,107,16.7,0.59,0.063,0.35,10.9,21,16.1,14.6,1.7,2.3,22,22.5
Mario Hezonja\hezonma01,SF,21,ORL,2.2,7.4,3.8,9.6,2.1,2.6,1,6.5,7.5,3.2,1.5,0.8,3,3.8,16.4,87,111,12.4,0.559,0.444,0.115,3.3,15.5,9.4,8.5,1.8,1.1,12.6,18.5
Buddy Hield\hieldbu01,SG,23,NOP,3.8,10.2,4,9.7,1.2,1.4,0.8,6.2,7,3.2,0.8,0.3,2,3.4,20.6,97,111,15.3,0.554,0.431,0.095,2.5,14.8,8.4,11.2,2,0.8,10.7,23.5
Buddy Hield\hieldbu01,SG,23,SAC,4.1,9.6,5.8,11,2.4,3,1.1,6.1,7.2,3.1,1.4,0.1,3.7,2.4,26.3,105,113,15.3,0.554,0.431,0.095,2.5,14.8,8.4,11.2,2,0.8,10.7,23.5
Nene Hilario\hilarne01,C,34,HOU,0.1,0.4,9.7,15.5,4.6,7.9,3.8,7.5,11.3,2.6,2.2,1.6,2.9,6.5,24.4,118,106,17.3,0.621,0.012,0.422,7.5,18.1,12.8,10,1.8,1.6,12.4,19
George Hill\hillge01,PG,30,UTA,3.2,7.9,6.6,12.7,5.3,6.7,0.8,4.9,5.7,6.9,1.7,0.4,2.9,3.9,28.1,119,107,13.9,0.594,0.394,0.298,2,10.1,5.9,15.1,1.7,1,13.8,16.8
Jrue Holiday\holidjr01,PG,26,NOP,2.2,6.3,6.8,13.7,2.7,3.8,1,4.9,5.9,10.9,2.2,1,4.3,3,23,104,108,16.8,0.574,0.33,0.192,2,10.8,6.6,22.2,1.9,1.5,13.5,22.3
Justin Holiday\holidju01,SG,27,NYK,3,8.3,4.1,8.1,2,2.4,0.8,6,6.9,3.1,2,0.9,2,3.3,19.2,108,111,11.2,0.518,0.557,0.22,1.7,12.8,7.1,10,1.5,1.4,9.4,18.2
Rondae Hollis-Jefferson\holliro01,SF,22,BRK,0.4,1.8,5.9,12.8,5.1,6.8,2.6,9.6,12.2,4.1,2.2,1.2,3.1,4.8,18.2,102,107,17.2,0.55,0.085,0.423,5.4,19,12.2,13.8,1.5,1.8,11.5,22.4
Richaun Holmes\holmeri01,C,23,PHI,1.1,3.1,8.3,13.7,2.9,4.2,3.8,8.9,12.7,2.4,1.7,2.2,2.2,5.6,22.8,117,106,16,0.563,0.163,0.193,9.1,22,15.8,11.1,1.3,2.1,9.3,17.4
Rodney Hood\hoodro01,SG,24,UTA,3.8,10.1,5.2,11.8,3,3.8,0.5,6.1,6.6,3.2,1.3,0.4,2.1,4.3,24.6,104,107,14.5,0.538,0.482,0.167,1.4,10.6,6,10.3,1.4,0.6,10,27.7
Al Horford\horfoal01,C,30,BOS,1.9,5.5,6.6,12.6,2.4,3.1,2.1,8.4,10.5,7.6,1.2,1.9,2.6,3.1,21.5,114,107,18.8,0.589,0.314,0.146,5,20.9,13.1,26.2,1,2.8,14.3,18.3
Dwight Howard\howardw01,C,31,ATL,0,0,8.7,13.7,5.1,9.5,6.6,14.4,21.1,2.3,1.4,2.1,3.8,4.6,22.5,115,100,19.3,0.565,0.005,0.699,11.9,32.6,22.1,7.5,1.1,4.6,17.5,23.7
Serge Ibaka\ibakase01,PF,27,ORL,2.4,6.2,7.5,14.2,2.2,2.6,2.9,8.2,11.1,1.7,1,2.6,1.9,4,24.5,111,109,14.6,0.572,0.368,0.151,3.7,20.1,12,4.2,0.6,4,9.2,19.2
Serge Ibaka\ibakase01,PF,27,TOR,2.9,7.3,6.2,12.5,2.1,2.4,2.1,9,11.1,1.1,0.5,2.3,2.8,5.4,23.3,105,108,14.6,0.572,0.368,0.151,3.7,20.1,12,4.2,0.6,4,9.2,19.2
Andre Iguodala\iguodan01,SF,33,GSW,1.5,4.3,3.7,5.7,1.7,2.5,1.2,6.1,7.3,6.3,1.8,0.9,1.4,2.3,13.8,129,105,10.4,0.5,0.354,0.311,4,11.8,8.2,15.8,1.6,1.7,15.1,11.2
Ersan Ilyasova\ilyaser01,PF,29,PHI,3.6,10,6,11.8,3.7,4.8,2.4,8.2,10.6,3.3,1.1,0.5,2.6,4.5,26.5,107,110,14.9,0.561,0.419,0.196,7.5,17,12.2,7.2,1.7,1.3,9.2,18.1
Ersan Ilyasova\ilyaser01,PF,29,ATL,2.5,7.2,4.8,10.4,4,5.1,3.3,8.5,11.8,3.3,1.7,0.6,2.6,5.7,21,107,105,14.9,0.561,0.419,0.196,7.5,17,12.2,7.2,1.7,1.3,9.2,18.1
Joe Ingles\inglejo01,SF,29,UTA,3.3,7.4,2.2,4.6,1.3,1.8,0.6,6.3,6.9,6,2.6,0.2,2.8,4.3,15.4,112,105,13.2,0.618,0.683,0.067,1.2,14.2,7.7,20.2,1.7,0.5,17.6,14.7
Brandon Ingram\ingrabr01,SF,19,LAL,1.2,4,4.7,10.7,2.8,4.6,1.3,5.5,6.8,3.5,1.1,0.8,2.5,3.4,15.8,96,115,12.5,0.513,0.123,0.398,3.2,14.1,8.6,16,1.1,1.6,14.1,22.1
Kyrie Irving\irvinky01,PG,24,CLE,3.5,8.7,9.8,19.4,5.9,6.5,1,3.5,4.5,8.3,1.6,0.5,3.6,3.1,35.9,116,112,24.5,0.601,0.36,0.241,2,10.1,6.1,29.4,1.7,0.8,10.2,31.2
Reggie Jackson\jacksre01,PG,26,DET,2.3,6.5,7.7,17.5,4.2,4.8,0.7,3.3,4,9.6,1.2,0.2,4,4.6,26.7,103,110,16.5,0.54,0.305,0.232,2.7,9.2,5.9,33.3,1.2,0.3,15.5,26.3
LeBron James\jamesle01,SF,32,CLE,2.2,6.1,10.9,17.9,6.4,9.5,1.7,9.7,11.4,11.5,1.6,0.8,5.4,2.4,34.9,119,108,27.7,0.623,0.26,0.327,3.6,20.1,12,43.1,2.1,2.4,17.3,30.9
Al Jefferson\jeffeal01,C,32,IND,0,0.1,12.6,25.3,3.5,4.6,4,10.9,14.9,3.1,1,0.9,1.8,6.7,28.8,109,108,17.3,0.546,0.007,0.147,6.7,27.4,17.2,9,1.5,2.9,10,21.9
Richard Jefferson\jefferi01,SF,36,CLE,1.9,5.8,2.8,4.9,2.5,3.3,0.9,5.4,6.3,2.4,0.8,0.3,1.6,4.7,13.9,111,113,5.4,0.48,0.292,0.292,1.6,10.7,6.1,8.7,0.7,0.6,15.6,10.1
Jonas Jerebko\jerebjo01,PF,29,BOS,1.8,5.2,2.8,5.3,1,1.5,2.4,8.6,10.9,2.9,1,0.7,1.6,4.9,12,109,109,13.4,0.587,0.418,0.155,6,17,11.5,6.7,1.3,0.9,7.7,15.6
Amir Johnson\johnsam01,PF,29,BOS,0.8,2,5.7,9.4,2.1,3.1,3.6,7.6,11.3,4.3,1.6,1.9,2.4,6.5,16,121,107,15.2,0.564,0.097,0.352,12.8,18.6,15.8,12.8,2,3.8,15.9,13.7
James Johnson\johnsja01,PF,29,MIA,2.1,6.2,6.8,12.4,3.7,5.2,1.6,7.5,9.1,6.7,1.8,2.1,4.1,4.8,23.6,107,105,13.8,0.546,0.321,0.258,3.1,17.9,10.6,23.6,1.7,2,19.1,19.3
Joe Johnson\johnsjo02,SF,35,UTA,3,7.3,4.8,10.5,1.8,2.2,0.9,6,6.9,4.1,1,0.5,2,2.6,20.3,109,108,9.6,0.499,0.374,0.112,1.9,16.1,8.9,10.3,0.9,0.8,11.8,17.5
Stanley Johnson\johnsst04,SF,20,DET,1.7,5.7,3.1,7.8,1.3,2,1.3,5.6,7,3.9,2.1,0.9,2.6,4.5,12.5,88,107,8.7,0.473,0.468,0.256,2,13.6,7.7,8.2,2.2,0.7,9.7,15.3
Tyler Johnson\johnsty01,PG,24,MIA,2.2,5.8,6.1,13.3,4.5,5.9,1.2,5.6,6.8,5.4,1.9,1,2.1,4.1,23.2,112,107,12.7,0.543,0.47,0.208,2,12,7,11.8,1.5,1.6,9.8,18.7
Wesley Johnson\johnswe01,SF,29,LAC,1.8,7.3,2.7,5.1,0.7,1,1.6,9.6,11.2,1.4,1.8,1.9,1.1,5.1,11.5,94,105,10.3,0.514,0.478,0.176,2,14.6,8.3,5.8,2.4,4,12.9,13.9
Nikola Jokic\jokicni01,C,21,DEN,1.1,3.3,10.8,17.1,4.5,5.5,5.1,12.1,17.2,8.6,1.5,1.3,4.1,5.1,29.3,126,109,22.4,0.574,0.287,0.297,9.5,27.8,18.6,27.6,1.8,2,15.8,23.5
Derrick Jones\jonesde02,SF,19,PHO,0.3,1,5.7,9.7,2.5,3.6,3.4,3.5,6.9,1.1,1.2,1.1,1.1,5.5,14.8,124,115,10.4,0.502,0.27,0.541,8.2,7,7.6,5.4,1,5.2,9.8,11
Tyus Jones\jonesty01,PG,20,MIN,1.7,4.8,3.2,7.1,2.2,2.8,0.7,3.7,4.4,10.2,3.1,0.3,2.5,3.3,13.7,114,111,13.7,0.564,0.367,0.228,1.4,9.8,5.5,20.1,3.2,0.3,13.2,12
DeAndre Jordan\jordade01,C,28,LAC,0,0,8,11.2,4,8.3,5.8,15.9,21.7,1.9,1,2.6,2.2,4.1,20,129,102,19.6,0.665,0,0.497,14.8,35.9,25.4,5.7,0.7,2.5,16.2,14.3
Cory Joseph\josepco01,PG,25,TOR,1.2,3.4,6.4,13.3,2.4,3.1,1.3,4.7,5.9,6.7,1.7,0.3,2.7,3.5,18.7,108,110,11.7,0.525,0.328,0.152,1.6,10.7,6.2,16.1,1.7,0.8,11.3,14.6
Frank Kaminsky\kaminfr01,C,23,CHO,3,9.1,5.2,11.5,3,4,1.5,7.2,8.6,4.2,1.2,0.9,2,3.6,22.4,102,110,13.3,0.519,0.378,0.245,2.8,14.9,8.7,10.5,1,1.1,7.7,20.6
Enes Kanter\kanteen01,C,24,OKC,0.2,1.2,12.7,22.4,7.2,9.1,6.2,9.2,15.4,2.1,1,1.2,3.9,4.9,33.1,116,107,23.8,0.644,0.004,0.232,15.8,29.6,22.8,9.7,0.9,1.9,14.7,22
Michael Kidd-Gilchrist\kiddgmi01,SF,23,CHO,0,0.2,6.3,13,3.2,4.1,3.3,8.7,12.1,2.4,1.7,1.6,1.2,4,15.9,113,106,14.2,0.545,0.005,0.283,5,13.9,9.3,6.7,1.5,1.8,6.5,16.6
Sean Kilpatrick\kilpase01,SG,27,BRK,2.8,8.3,5.4,11.5,5.5,6.5,0.6,7,7.6,4.2,1.2,0.2,3.6,3.2,24.8,102,112,7.4,0.454,0.504,0.194,0.4,17.8,9,12.1,0.5,0.6,12.5,24.6
Kyle Korver\korveky01,SG,35,ATL,3.6,8.8,2.4,4.8,1.3,1.5,0,4.9,4.9,4.1,1.3,0.7,2.2,2.6,16.8,109,109,13.2,0.642,0.777,0.142,0.7,9.3,5.1,8.8,0.8,1.3,8.9,16.2
Kyle Korver\korveky01,SG,35,CLE,5.6,11.6,2,4,0.8,0.9,0.4,5.2,5.6,2,0.6,0.5,1.7,3.5,21.7,122,114,13.2,0.642,0.777,0.142,0.7,9.3,5.1,8.8,0.8,1.3,8.9,16.2
Kosta Koufos\koufoko01,C,27,SAC,0,0,7.7,13.9,1.4,2.2,4.2,10.2,14.4,1.7,1.3,1.7,2.2,6.1,16.8,109,109,16.3,0.548,0,0.243,11.7,26.2,18.7,9.1,1.9,2,12.2,14.7
Mindaugas Kuzminskas\kuzmimi01,SF,27,NYK,2.7,8.3,5.1,9.9,2.7,3.3,2.3,3.9,6.2,3.4,1.4,0.5,2.5,3.9,20.9,107,114,-41.5,0,0,0,0,0,0,0,0,0,0,44
Skal Labissiere\labissk01,PF,20,SAC,0.2,0.7,9.4,17.4,4.3,6.1,4.2,9.2,13.4,2.2,1.3,1.1,3.1,5.3,23.9,110,110,15.1,0.517,0.081,0.27,9.3,19.6,14.3,7.7,1.3,3.5,11.9,21.5
Jeremy Lamb\lambje01,SG,24,CHO,1.8,6.4,8.1,15.1,4.8,5.7,1.3,10.3,11.6,3.3,1.2,1,1.8,4.3,26.5,109,108,17.5,0.55,0.295,0.281,3,16.6,9.7,14.8,1.4,1.3,8.3,23.1
Joffrey Lauvergne\lauvejo01,PF,25,OKC,1.8,5.2,5.6,11,2.5,3.9,3.4,8.8,12.2,3.4,1.2,0.4,2.7,4.7,19,108,108,14.1,0.511,0.045,0.268,12.4,20.5,16.5,12,1,0.2,14.9,19.5
Zach LaVine\lavinza01,SG,21,MIN,3.5,9,6,11.6,3.4,4.1,0.6,4.1,4.6,4,1.2,0.3,2.5,3,25.8,112,115,15.1,0.493,0.372,0.257,1.6,18.9,9.9,19.8,2.2,0.4,10,30.6
Courtney Lee\leeco01,SG,31,NYK,2.2,5.5,4.3,8.8,1.7,2,1.1,4.2,5.3,3.6,1.6,0.5,1.4,2.9,17,115,114,14,0.568,0.351,0.17,1.7,9.6,5.7,12.5,1.9,0.6,9.6,17.4
Alex Len\lenal01,C,23,PHO,0.1,0.4,7,13.8,4.6,6.4,4.8,10.9,15.6,1.4,1.2,3,3.1,7.4,18.8,108,108,19.3,0.616,0,0.609,14,28.5,21.1,9.1,0.8,3.3,15.7,16.6
Kawhi Leonard\leonaka01,SF,25,SAS,3,8,10.1,19.1,9.7,11,1.6,7.2,8.9,5.4,2.7,1.1,3.2,2.5,38.9,121,102,26.4,0.572,0.315,0.342,3.2,19,11.1,18.2,4.4,3.6,11.1,30.9
Meyers Leonard\leoname01,PF,24,POR,3,8.7,2.9,6.7,1.4,1.6,1.1,8.5,9.6,2.9,0.5,1.1,1.4,7,16.3,105,112,20,0.702,0.296,0.185,5,22.3,13.8,9.3,1.2,0,9.3,17.8
Jon Leuer\leuerjo01,PF,27,DET,1.3,4.3,6.8,12.4,2.5,2.9,2.7,7.8,10.4,2.9,0.8,0.7,1.7,3.8,19.9,113,109,8.7,0.505,0.083,0.417,5.6,21.3,13.3,5.3,0.4,1.9,15.8,16.5
Caris LeVert\leverca01,SF,22,BRK,2.3,7.1,4.3,7.5,2.6,3.6,0.9,6.3,7.2,4.2,1.9,0.3,2.3,3.5,17.9,107,111,13.2,0.51,0.346,0.268,3.1,12.6,7.8,25.3,2.1,1,17.6,22.5
DeAndre Liggins\liggide01,SG,28,CLE,1.1,3,2.3,6,1.5,2.5,1.1,5.6,6.7,3.6,3,0.9,2.8,5.2,9.6,91,108,6.2,0.486,0.541,0.068,1.3,10.5,5.9,7.5,2.9,1.8,16.4,7.8
Damian Lillard\lillada01,PG,26,POR,3.9,10.7,8.2,16.8,9,10,0.8,5.9,6.8,8.1,1.3,0.4,3.6,2.8,37.3,118,113,23.9,0.594,0.436,0.351,2.2,11.6,7,31,1.3,0.9,12.5,29.5
Jeremy Lin\linje01,PG,28,BRK,3.1,8.4,6.3,13.1,6.2,7.6,0.6,6.7,7.2,9.9,2.3,0.8,4.6,4.2,28.1,109,109,16.3,0.597,0.167,0.583,0,0,0,27.6,0,0,16.6,31.1
Shaun Livingston\livinsh01,PG,31,GSW,0,0.1,6.2,11.2,1.5,2.1,1,4.4,5.4,5,1.4,0.7,2.2,4.3,13.9,110,108,11.1,0.53,0.01,0.179,4.1,8.2,6.3,16.6,1.3,1.7,14.2,16
Brook Lopez\lopezbr01,C,28,BRK,2.9,8.3,9,16.7,6.3,7.8,2.6,6,8.6,3.8,0.8,2.6,3.9,4.1,32.8,108,111,15.5,0.531,0.419,0.204,5.3,14.2,9.7,11.3,1,5.4,12.3,25.5
Robin Lopez\lopezro01,C,28,CHI,0,0,8.5,17.1,1.7,2.3,5.4,6.1,11.5,1.8,0.4,2.6,2,3.3,18.6,108,108,14.8,0.55,0.013,0.139,8.3,10.1,9.2,12.2,0.4,2.6,13.3,20.6
Kevin Love\loveke01,PF,28,CLE,3.8,10.3,6,12.7,6.8,7.8,3.9,13.7,17.6,3.1,1.4,0.6,3.2,3.3,30.2,114,107,22.9,0.613,0.433,0.369,7.8,29.2,18.7,9.5,1.2,1.3,9.3,25.5
Kyle Lowry\lowryky01,PG,30,TOR,4.4,10.6,5.3,10.2,6.8,8.2,1.1,5.4,6.5,9.4,2,0.4,3.9,3.8,30.4,123,109,19,0.584,0.596,0.29,3.1,16.9,10.1,29.1,1.8,0.4,15.3,22.3
Timothe Luwawu-Cabarrot\luwawti01,SF,21,PHI,2,6.6,3.9,8.2,4.3,5,1,5.1,6.1,3.1,1.3,0.4,3,6.3,18.2,100,111,7.6,0.519,0.59,0.225,2.1,7.7,5,9.7,0.8,0.6,11.6,17.5
Trey Lyles\lylestr01,PF,21,UTA,2.9,9.2,4.3,10.6,2.6,3.6,2.2,8.5,10.6,3.1,1.2,0.9,2.9,4.4,19.9,94,106,18.5,0.607,0.413,0.273,4.7,23.6,14.1,9,1.1,1.9,9.3,20.6
Shelvin Mack\macksh01,PG,26,UTA,1.6,5.2,5.8,11.4,2.3,3.4,0.9,4.6,5.4,6.7,1.8,0.1,3.9,4.4,18.7,99,107,13.7,0.53,0.295,0.37,1.9,11.4,6.6,29.5,1.6,0.5,15.4,14
Ian Mahinmi\mahinia01,C,30,WAS,0,0,5.8,9.9,3.8,6.7,4.2,9.1,13.3,1.7,2.9,2.1,3,8,15.4,110,104,11.4,0.618,0,0.587,12.3,16.5,14.5,7.1,1.6,3.2,26.8,13.6
Thon Maker\makerth01,C,19,MIL,2.5,6.7,5,9.7,2.9,4.4,3.6,6.7,10.3,2.1,0.9,2.3,1.5,7.6,20.4,114,110,9.5,0.482,0.329,0.319,7,15.9,11.4,4.9,1.6,4.2,12.3,13.9
Jarell Martin\martija01,PF,22,MEM,0.8,2.3,4.6,11.7,3.7,4.7,3.9,11.2,15.1,0.7,1.6,0.8,2.6,8.5,15.4,96,105,10.9,0.523,0.184,0.202,7.8,13.9,10.9,5.2,1.5,3.4,13.9,16.3
Wesley Matthews\matthwe02,SG,30,DAL,3.6,10,3.3,7.7,3,3.7,0.4,5,5.4,4.4,1.6,0.3,2.1,3.4,20.6,104,110,11.3,0.537,0.564,0.155,1.3,9.7,5.3,12.5,1.7,0.6,10.2,17.5
Luc Mbah a Moute\mbahalu01,SF,30,LAC,1.2,3.1,4.1,7.5,1.6,2.4,1.2,3.5,4.8,1.1,2.3,1,1.3,3.4,13.5,111,109,9,0.566,0.534,0.233,2.1,12.2,7.1,5.1,2.3,1.4,17.1,12.5
Patrick McCaw\mccawpa01,SG,21,GSW,1.8,5.5,2.9,5.5,1.3,1.7,0.9,3.5,4.5,3.4,1.4,0.7,1.6,2.8,12.6,107,108,8.6,0.509,0.374,0.153,2.4,7.4,5.1,11,2.4,0.7,14.7,11.8
C.J. McCollum\mccolcj01,SG,25,POR,3.3,7.8,9,17.8,4.8,5.2,1.1,4.1,5.1,5.1,1.3,0.7,3.1,3.6,32.6,114,113,18.3,0.557,0.322,0.171,2,10.1,6.1,15.4,1.4,0.8,8.5,26.3
T.J. McConnell\mccontj01,PG,24,PHI,0.3,1.3,5.1,10.4,1.7,2.1,0.9,4.8,5.7,12.2,3.1,0.2,3.6,3.2,12.7,107,108,13.1,0.567,0.15,0.105,2.5,12,7.4,26.5,2.5,0.8,22.7,14.6
Doug McDermott\mcderdo01,SF,25,CHI,2.6,7,5.1,10.4,2.8,3.1,0.7,5.4,6.1,2.1,0.5,0.2,1.5,2.7,20.9,111,112,10,0.569,0.421,0.161,2.9,9.4,6.2,6.1,0.4,0.9,9.1,14.5
JaVale McGee\mcgeeja01,C,29,GSW,0,0.2,13.5,20.6,3.6,7.2,6.5,9.4,15.9,1.1,1.2,4.4,2.6,7.1,30.7,120,101,21.3,0.656,0.05,0.248,10.4,15,12.9,7.9,1.5,7.1,11.1,18.6
Ben McLemore\mclembe01,SG,23,SAC,2.8,7.3,4.9,10.7,3,4,0.8,4.7,5.6,2.2,1.2,0.3,2.7,4.6,21.3,99,114,8.4,0.503,0.427,0.152,3,10.3,6.6,7.8,1.6,1.1,12.4,19.8
Jodie Meeks\meeksjo01,SG,29,ORL,3.8,9.2,3.2,8,4.4,5,0.3,4.8,5.2,3,2.3,0.3,2.4,2.8,22,107,111,10.7,0.515,0.545,0.3,1.8,10.5,6.2,7.7,1.4,0.2,8,18.7
Salah Mejri\mejrisa01,C,30,DAL,0.1,0.2,5,7.7,2.1,3.5,5.6,12.1,17.7,0.8,1.8,3.5,2.3,8.7,12.2,121,102,18.2,0.653,0.02,0.49,12.8,26.9,19.6,6.6,1.6,8.7,19,12.3
Khris Middleton\middlkh01,SF,25,MIL,2.6,5.9,6,13.1,4.6,5.3,0.6,6.4,7,5.7,2.3,0.4,3.7,4.5,24.3,106,109,17.1,0.566,0.337,0.256,1.6,15.5,8.6,19.1,1.8,0.4,11.5,24.9
C.J. Miles\milescj01,SF,29,IND,4.8,11.5,3.2,6.7,2.4,2.6,0.8,5.6,6.5,1.4,1.3,0.7,1.1,4.3,23,115,111,13.9,0.549,0.75,0.147,1.5,10,5.8,4.7,1.7,1.7,5.1,22.1
Patty Mills\millspa02,PG,28,SAS,4.3,10.3,3.7,7.7,1.9,2.3,0.7,3.4,4.1,8.1,1.9,0.1,2.9,3.2,22.1,114,107,12.4,0.567,0.606,0.177,1.1,7.4,4.3,16.8,1.5,0.5,14.1,18.2
Paul Millsap\millspa01,PF,31,ATL,1.6,5.1,7.5,15.4,6.5,8.5,2.3,8.9,11.2,5.3,1.9,1.3,3.3,3.9,26.2,108,104,17.4,0.531,0.287,0.322,5.6,17.9,11.7,16,1.8,3.6,12.5,24.1
Nikola Mirotic\mirotni01,PF,25,CHI,3.9,11.3,3.9,7.4,3,3.8,1.8,9.7,11.5,2.3,1.6,1.7,2.4,3.8,22.3,107,105,22.2,0.624,0.533,0.262,3,25.2,13.7,11,1.2,1.8,8.4,25.9
Greg Monroe\monrogr01,C,26,MIL,0,0.1,10.8,20.1,4.9,6.7,4.7,10.2,14.8,5.2,2.6,1.1,3.9,4.7,26.5,111,105,19.9,0.617,0,0.266,11.1,26.6,18.7,17.2,1.4,0.9,18,20.2
E'Twaun Moore\mooreet01,SG,27,NOP,2.1,5.6,5.5,11.1,1.5,2,0.9,3.2,4.1,4.4,1.3,0.9,1.7,3.5,18.8,107,111,12.6,0.612,0.38,0.09,2.5,7.1,4.9,9.7,1.4,0.3,10.5,16.2
Marcus Morris\morrima03,SF,27,DET,2.3,7,6,12.8,2.9,3.6,1.5,5.7,7.2,3.2,1,0.5,1.7,3.3,21.8,105,109,14.6,0.535,0.388,0.263,3.9,19.9,12.1,9.3,1.2,1,10.1,23.5
Markieff Morris\morrima02,PF,27,WAS,1.5,4.1,7,14.4,3.7,4.5,2.2,8,10.2,2.6,1.7,0.9,2.7,5.3,22.1,106,109,12.3,0.561,0.302,0.204,4.9,19.3,12.2,7.5,1.2,1.7,14.3,18.9
Timofey Mozgov\mozgoti01,C,30,LAL,0,0,7.5,14.4,2.8,3.4,4.6,7.1,11.7,1.9,0.7,1.4,3.2,5.9,17.7,106,114,11.1,0.606,0.228,0.316,9.2,18.9,14,3.9,0.8,2.1,24.4,16
Emmanuel Mudiay\mudiaem01,PG,20,DEN,1.9,6.2,5.3,13,4.5,5.8,1,5.2,6.2,7.5,1.4,0.5,4.3,3.3,20.9,98,114,12.2,0.5,0.32,0.252,2.3,11.3,6.8,24.9,1.3,0.5,17.1,25
Shabazz Muhammad\muhamsh01,SF,24,MIN,1.6,4.9,8,15.2,4.9,6.4,2.8,4.5,7.4,1.2,0.7,0.2,1.9,2.9,25.8,114,116,9.5,0.444,0.162,0.265,5.8,11.9,8.8,3.4,0.8,0.6,3,20
Jamal Murray\murraja01,SG,19,DEN,3.2,9.5,5,10.7,2.9,3.3,1.1,4.8,5.9,4.7,1.4,0.7,3.1,3.4,22.5,103,114,16.4,0.576,0.396,0.215,3.7,9.6,6.6,15.5,1.4,0.9,12.6,23.7
Mike Muscala\muscami01,C,25,ATL,1.8,4.4,4.9,9,2,2.6,3,6.5,9.6,3.8,1.2,1.6,2.2,3.9,17.3,116,107,14.8,0.645,0.424,0.293,5.7,19.6,12.6,6.7,1.6,2.3,11.1,13.6
Larry Nance\nancela02,PF,24,LAL,0.3,1.2,6.1,11,2,2.7,4.1,8.4,12.5,3.2,2.8,1.3,1.9,5,15.2,117,109,19.7,0.621,0.016,0.346,11.8,20.6,16.1,9.5,3.1,1.7,11.8,15.1
Shabazz Napier\napiesh01,PG,25,POR,3.3,8.9,3.8,8.8,3.7,4.8,0.8,5.1,5.9,6.5,3.1,0.2,4,3.7,21.1,102,109,16,0.575,0.354,0.268,1.8,9.8,5.9,16.2,2.8,0.7,14.1,19.7
Jameer Nelson\nelsoja01,PG,34,DEN,2.5,6.5,3.9,7.9,1.1,1.5,0.7,3.9,4.6,9.2,1.3,0.2,3.1,4.7,16.4,111,115,9,0.52,0.537,0.083,1.4,10.2,6,22.9,1.2,0.3,20.9,13.1
Joakim Noah\noahjo01,C,31,NYK,0,0,4.9,9.9,1.7,3.8,8,11.9,19.9,5.1,1.5,1.8,2.9,6.3,11.4,111,108,15.8,0.51,0,0.4,17.2,22.1,19.7,14.2,2.5,4.4,25.4,17.3
Nerlens Noel\noelne01,C,22,PHI,0,0.1,9.2,15,3.7,5.4,4,8.5,12.4,2.6,3.7,2.2,2.5,6.1,22.2,119,102,15.5,0.587,0,0.358,12.5,24.1,18.1,4.1,2.2,4,19.6,15.5
Lucas Nogueira\noguelu01,C,24,TOR,0.1,0.6,4.7,6.7,2,3.1,3.8,7.5,11.4,2,2.4,4.1,2.1,6.4,11.8,125,102,16.9,0.648,0.228,0.281,5,18.2,11.7,5.9,2.8,8.7,14.7,10.9
Dirk Nowitzki\nowitdi01,PF,38,DAL,2.9,7.6,7.9,17.1,3.6,4.1,0.8,12.1,12.9,3,1.1,1.4,1.9,4.1,28.1,103,106,16.8,0.57,0.399,0.154,1.7,24,12.5,10.7,1.2,1.6,5.7,20.6
Jusuf Nurkic\nurkiju01,C,22,DEN,0,0,9.1,18,3.4,6.8,5.4,10.3,15.7,3.6,1.5,2.2,4.9,5.3,21.7,98,109,17.5,0.511,0.012,0.324,9.3,24.6,17.2,11,1.5,3.7,15.2,27.5
Jusuf Nurkic\nurkiju01,C,22,POR,0,0.1,10.2,20,5.4,8.2,5.5,12.1,17.6,5.4,2.1,3.2,5.3,6.2,25.8,105,104,17.5,0.511,0.012,0.324,9.3,24.6,17.2,11,1.5,3.7,15.2,27.5
Kyle O'Quinn\oquinky01,C,26,NYK,0.1,0.7,8.7,16.1,2.6,3.4,6.4,11.5,17.9,4.8,1.5,4.2,3.1,7.1,20.2,114,105,19.1,0.631,0.026,0.379,9.7,28.1,19.1,17.2,1.3,5.4,20.7,17.3
Jahlil Okafor\okafoja01,C,21,PHI,0,0,10.4,20.2,4.6,6.8,3.5,6.8,10.3,2.5,0.9,2.1,3.9,5.2,25.3,101,110,11.9,0.525,0.032,0.232,5.2,19.7,12.4,6,0.4,4,12.5,20.7
Victor Oladipo\oladivi01,SG,24,OKC,2.8,7.8,6.3,12.8,2.6,3.4,0.9,5.6,6.4,3.9,1.7,0.5,2.6,3.4,23.6,106,109,23.6,0.597,0.343,0.288,1.8,15.2,8.6,19.6,2.8,2.1,12.5,30.1
Kelly Olynyk\olynyke01,C,25,BOS,2.2,6.2,6.2,10.2,2.9,4,2.4,9.3,11.6,4.8,1.4,0.9,3.1,6.7,21.9,113,107,16.3,0.607,0.42,0.28,5.4,21.8,13.6,15.9,1.7,1.6,18.3,21.6
Kelly Oubre\oubreke01,SF,21,WAS,1.7,5.8,4.1,7.8,2.3,3,1.9,6.1,8,1.4,1.8,0.5,1.5,6,15.4,104,110,13.1,0.577,0.455,0.283,3.2,16,9.7,5.7,1.5,1.2,9.9,18.6
Zaza Pachulia\pachuza01,C,32,GSW,0,0.1,6.2,11.6,3.7,4.8,5.3,10.2,15.6,5,2.2,1.3,3.3,6.3,16.2,118,101,17.5,0.638,0,0.308,9.4,26.4,18.6,15.4,2.1,1.1,19.7,16.7
Jabari Parker\parkeja01,PF,21,MIL,1.9,5.2,9.8,18.7,4.8,6.4,2.3,6.9,9.2,4.2,1.5,0.6,2.7,3.3,30.1,110,110,26.9,0.622,0.143,0.857,7.9,16,11.9,0,0,0,0,29.4
Tony Parker\parketo01,PG,34,SAS,0.7,2.2,7.8,16.1,2.7,3.8,0.3,3.3,3.6,9.2,1.1,0.1,2.9,3,20.5,107,109,12.7,0.485,0.092,0.166,0.6,10.1,5.3,30,1.3,0.1,14,20.9
Chandler Parsons\parsoch01,SF,28,MEM,1.9,7.2,3.9,9.9,2.7,3.3,0.5,6,6.5,4.2,1.5,0.4,1.8,4,16.2,93,109,14.4,0.6,0.531,0.14,2.5,13.3,7.9,16.3,1.2,1.5,13.2,18.3
Patrick Patterson\pattepa01,PF,27,TOR,3,8,1.9,4.2,1.4,1.9,2,7.3,9.3,2.4,1.3,0.7,1.2,3.8,14.1,115,109,8.5,0.522,0.665,0.139,2.3,14.2,8.1,5.4,2,1.7,12.1,10.7
Chris Paul\paulch01,PG,31,LAC,3.2,7.9,6.5,12.6,6,6.8,1,6.9,7.9,14.6,3.1,0.2,3.8,3.8,28.7,126,106,25.1,0.605,0.477,0.283,2.2,17.9,10,43,2.8,0.9,13.2,24.7
Elfrid Payton\paytoel01,PG,22,ORL,0.8,3,8,15.7,3,4.3,1.8,6.1,8,10.9,1.8,0.8,3.7,3.6,21.5,107,111,18,0.567,0.145,0.258,4.2,11.4,7.7,33.9,2.4,0.8,18.5,21.5
Mason Plumlee\plumlma01,C,26,POR,0,0.2,7.7,14.3,4.2,7.3,3.9,10.2,14.1,7,1.6,2.1,2.9,4.9,19.6,116,107,16.3,0.563,0.004,0.493,10,22.3,16.1,14.1,1.7,4.7,19.6,17
Mason Plumlee\plumlma01,C,26,DEN,0,0.1,7.6,13.9,3.6,5.9,3.9,9.5,13.4,5.4,1.5,2.2,3.6,5.9,18.9,112,109,16.3,0.563,0.004,0.493,10,22.3,16.1,14.1,1.7,4.7,19.6,17
Jakob Poeltl\poeltja01,C,21,TOR,0,0,5.4,9.3,2.5,4.6,6.3,7,13.4,1,1.4,1.6,2.3,9.1,13.4,118,108,17.4,0.638,0.008,0.297,13.9,15.7,14.8,4,1,5.2,14.8,15.1
Otto Porter\porteot01,SF,23,WAS,2.8,6.5,5,8.7,1.9,2.3,2.2,7.5,9.7,2.3,2.2,0.8,0.8,3.7,20.3,129,108,17.5,0.587,0.358,0.15,4.3,17.9,11.1,9.2,2.5,1.5,6.9,17.5
Bobby Portis\portibo01,PF,21,CHI,1.6,4.8,7.6,14.1,2,3,3.8,11.1,14.9,1.8,0.8,0.6,1.9,4.7,22,110,107,21.1,0.558,0.268,0.229,10.8,22.4,16.4,13.8,1.3,1.1,10.1,25.8
Kristaps Porzingis\porzikr01,PF,21,NYK,2.6,7.3,7.6,15.5,4.6,5.8,2.6,8.4,11,2.2,1.1,3,2.7,5.6,27.6,108,109,20.4,0.538,0.256,0.308,4.5,18.1,11.4,6.5,1.1,6.3,8.5,31.3
Dwight Powell\poweldw01,C,25,DAL,0.8,2.9,6.8,11.8,4.2,5.5,3.6,8.3,11.9,1.9,2.4,1.5,1.3,5.3,20.1,120,105,17.3,0.636,0.211,0.376,8.5,20.4,14.3,6.6,2.3,1.9,10.7,14.8
Norman Powell\powelno01,SG,23,TOR,2.1,6.4,6.3,12.3,4.7,5.9,1,5.3,6.3,3,1.9,0.5,2.6,4.7,23.6,109,109,9.5,0.497,0.448,0.133,1.2,10.4,5.9,12.7,2,1.4,14.6,19.4
Julius Randle\randlju01,PF,22,LAL,0.4,1.4,8.2,16.2,4.7,6.4,3.4,11.1,14.5,6,1.1,0.8,4,5.7,22.3,107,112,19.3,0.599,0.072,0.439,9.1,24.2,16.6,14.4,0.9,2.1,16.8,24.8
Zach Randolph\randoza01,PF,35,MEM,0.6,2.7,12,25.3,4.1,5.6,5.3,12.1,17.4,3.6,1.1,0.3,2.9,4,29.9,103,106,18,0.532,0.174,0.156,7.6,24.3,15.6,14.3,1.7,0.6,13.1,27.7
J.J. Redick\redicjj01,SG,32,LAC,4.6,10.6,4.4,9.6,4.1,4.6,0.3,3.6,3.9,2.5,1.2,0.3,2.2,2.8,26.7,113,112,15.2,0.598,0.506,0.253,0.6,8.1,4.5,15.6,0.8,0.2,8.8,21
Willie Reed\reedwi02,C,26,MIA,0,0.2,7.9,13.7,2.4,4.3,6.3,9.9,16.2,1.3,0.9,2.3,1.5,6.7,18.3,122,105,19.3,0.669,0.017,0.458,9.1,22.1,15.6,3.7,1,4.4,11.6,16.7
Josh Richardson\richajo01,SG,23,MIA,2.3,7.1,4,8.9,1.9,2.4,1.1,4.2,5.2,4.4,1.9,1.2,2,4.1,16.8,102,108,12.5,0.548,0.413,0.168,2.5,8.9,5.7,13,1.9,2.4,13.9,18.1
Austin Rivers\riverau01,SG,24,LAC,2.7,7.3,5.2,10.5,3.2,4.6,0.5,3.4,3.9,5,1.2,0.2,2.8,4.5,21.6,105,112,13,0.529,0.457,0.208,1.6,5.4,3.5,17.2,1.9,0.6,11.2,22.3
Andre Roberson\roberan03,SF,25,OKC,0.9,3.8,3.5,5.8,1,2.3,2,6.3,8.3,1.6,1.9,1.6,1.1,4.2,10.8,108,106,11.1,0.543,0.222,0.235,7.9,12.3,10,6,2.2,3.1,14.4,8.7
Rajon Rondo\rondora01,PG,30,CHI,1.4,3.6,4.9,11.7,0.8,1.4,2,7.7,9.7,12.6,2.7,0.3,4.6,3.9,14.7,98,105,13.9,0.504,0.35,0.037,2.2,13.2,7.9,40.8,1.9,0.7,23.6,16
Derrick Rose\rosede01,PG,28,NYK,0.3,1.4,10.7,22,5.3,6.1,1.6,4.3,5.9,6.8,1.1,0.4,3.5,2,27.7,108,115,13.1,0.57,0.171,0.315,3.5,7.1,5.3,11.7,0.6,1,17.6,25.8
Terrence Ross\rosste01,SF,25,TOR,4,10.8,4.8,9.4,1.7,2.1,0.6,5.2,5.8,1.9,2.2,0.8,1.4,3.4,23.5,112,108,10.4,0.515,0.48,0.198,1.9,11.6,6.7,8.7,2.3,1.4,11.5,16.5
Terrence Ross\rosste01,SF,25,ORL,3,8.9,4.6,8.7,1.5,1.8,0.3,4.2,4.5,2.8,2.3,0.9,2.3,4,19.8,99,110,10.4,0.515,0.48,0.198,1.9,11.6,6.7,8.7,2.3,1.4,11.5,16.5
Terry Rozier\roziete01,PG,22,BOS,2.2,7,3.7,9.1,2,2.6,1.6,7.3,8.9,5.1,1.8,0.4,1.8,2.7,16.1,100,108,14.8,0.517,0.501,0.151,3.7,17.1,10.5,14.8,2.3,0.7,8,19.2
Ricky Rubio\rubiori01,PG,26,MIN,1.2,4,4.1,9.3,5.2,5.9,1.4,4.9,6.3,14,2.6,0.2,4,4.1,17.2,115,112,12.8,0.507,0.343,0.273,2,14.7,8.3,26.5,2.7,0.4,20,21.9
D'Angelo Russell\russeda01,PG,20,LAL,3.6,10.3,5.8,13,4,5.1,0.8,5.1,5.9,8.2,2.3,0.4,4.7,3.5,26.5,101,113,15.9,0.512,0.318,0.264,2.8,14.2,8.4,34.8,1.5,0.7,17.2,35.5
Domantas Sabonis\sabondo01,PF,20,OKC,1.5,4.8,4.2,9.7,1.3,2,1.4,7.3,8.7,2.5,1.2,1,2.5,6,14.4,93,108,18.9,0.586,0.053,0.357,11.5,25.8,18.8,12.5,1,1.6,15.9,22.4
Dario Saric\saricda01,PF,22,PHI,2.4,7.8,6.3,13.4,3.9,5,2.6,9.2,11.7,4.2,1.3,0.7,4.2,3.7,23.8,96,109,15.3,0.565,0.436,0.209,7.9,16.8,12.5,13.3,1.2,0.9,13.7,20.3
Tomas Satoransky\satorto01,SG,25,WAS,0.6,2.5,3.6,7.5,1.6,2.3,1.7,4,5.7,6.3,1.8,0.4,2.6,4.1,10.6,101,111,14.1,0.576,0.286,0.323,4.7,10.5,7.6,22.6,1.5,0.5,13.6,13.1
Dennis Schroder\schrode01,PG,23,ATL,2,5.8,8.9,18.2,4.3,5.1,0.8,4.1,4.9,9.9,1.5,0.3,5.1,3,28,103,109,17.7,0.511,0.216,0.215,2.5,8.5,5.4,36.9,1.7,0.2,12.4,30.5
Thabo Sefolosha\sefolth01,SF,32,ATL,1.3,3.7,4.1,8.5,1.7,2.3,1.7,6.7,8.3,3.3,3,1,1.8,3,13.7,105,103,16.2,0.591,0.35,0.225,4.1,18.9,11.4,6.4,3.2,1.3,10.2,16.5
Ramon Sessions\sessira01,PG,30,CHO,1.3,3.8,4.9,12.4,5.6,7.3,0.7,3.8,4.5,8,1.7,0.2,2.8,2.7,19.3,103,111,6.3,0.403,0.208,0.283,0.7,11.2,6.1,22.3,2.1,0.5,20.1,19.7
Iman Shumpert\shumpim01,SG,26,CLE,2.4,6.7,2.8,5.9,1.8,2.3,1,4.6,5.6,2.8,1.6,0.7,2,3.9,14.6,104,112,6.4,0.48,0.448,0.259,2.9,13.5,8.3,8.3,1.6,1.5,20.8,13.1
Pascal Siakam\siakapa01,PF,22,TOR,0.1,0.4,6,11.7,1.3,1.9,3.8,7.1,10.9,1,1.5,2.7,1.9,6.4,13.5,106,106,13.5,0.51,0.329,0.175,6.7,18.6,12.7,12.2,2.1,2,11.5,15.3
Jonathon Simmons\simmojo02,SG,27,SAS,1.1,3.7,5.4,11.7,3.6,4.8,0.7,5.1,5.9,4.6,1.7,0.9,2.8,5.3,17.7,100,105,12.4,0.543,0.258,0.286,3.3,10,6.6,12.6,1.3,0.8,14,22.1
Marcus Smart\smartma01,SG,22,BOS,1.9,6.9,3.6,8.6,4.2,5.2,1.6,4.7,6.3,7.5,2.6,0.7,3.3,4,17.3,102,108,10,0.467,0.471,0.246,2.9,9.8,6.4,22.8,2.1,1.3,18.5,19.6
Ish Smith\smithis01,PG,28,DET,0.7,2.7,7.8,16.6,1.9,2.6,0.5,5.5,6.1,10.8,1.6,0.9,2.9,3.3,19.6,103,108,15,0.494,0.076,0.152,1.9,11.3,6.5,29.7,1.4,1,10.3,21.9
J.R. Smith\smithjr01,SG,31,CLE,4,11.4,1.2,3.6,0.4,0.6,0.7,4,4.8,2.6,1.7,0.5,1.1,3.2,14.8,101,112,7.6,0.508,0.689,0.094,1.6,9.2,5.5,9.5,1.6,0.3,11.1,12.8
Jason Smith\smithja02,C,30,WAS,1.7,3.6,6.3,11.6,1.6,2.4,3,9,11.9,1.7,1,2.5,2.7,7.8,19.4,110,108,5.5,0.379,0.26,0.182,9.3,13.2,11.2,5.9,0.8,4.5,11.7,21.3
Tony Snell\snellto01,SG,25,MIL,3.1,7.7,2.2,4,1,1.3,0.5,4.9,5.4,2.1,1.2,0.3,1.2,2.7,14.8,114,113,9.3,0.61,0.621,0.136,0.7,7.9,4.3,5.9,1,1,6.9,10.9
Marreese Speights\speigma01,C,29,LAC,4,10.8,5.5,10.5,4.7,5.3,3.4,11.1,14.5,2.5,0.9,1.6,2.7,8.9,27.6,114,106,13.3,0.529,0.667,0.167,3.4,18.3,10.8,9.1,0.6,2.4,8.4,25.8
Nik Stauskas\stausni01,SG,23,PHI,2.9,8,2.6,6.1,2.7,3.3,0.5,4.6,5,4.2,1,0.7,2.9,3.2,16.8,100,112,10.2,0.587,0.667,0.196,0.9,11.9,6.4,9.8,0.9,0.6,15.3,15.8
Jeff Teague\teaguje01,PG,28,IND,1.7,4.7,5.9,12.4,6.8,7.8,0.6,5.6,6.2,12,1.9,0.6,4.1,3.1,23.6,115,110,14.5,0.527,0.286,0.272,1.5,8.9,5.1,29.6,2.3,0.9,18.3,20
Mirza Teletovic\teletmi01,PF,31,MIL,4.7,13.7,2.3,5.1,1.6,2,0.5,6.8,7.3,2.2,0.5,0.6,1.7,4.9,20.2,99,113,13.7,0.623,0.789,0,2.2,15.1,8.6,9.7,1.3,0.5,10.9,18.4
Garrett Temple\templga01,SG,30,SAC,2.4,6.4,3,6.2,1.7,2.2,0.9,4.5,5.4,4.9,2.5,0.8,2.3,4.1,14.8,106,111,9.8,0.513,0.473,0.162,1.5,9.9,5.5,11.6,1.8,1.9,13.8,16.8
Jason Terry\terryja01,SG,39,MIL,2.7,6.4,1.2,2.7,0.9,1.1,0.6,3.4,3.9,3.6,1.7,0.7,1.3,3.5,11.4,116,112,5.2,0.464,0.667,0.051,0.6,9,4.7,8.2,2.3,1.6,20,10.7
Isaiah Thomas\thomais02,PG,27,BOS,4.7,12.5,8.4,16,11.4,12.5,0.8,3.1,4,8.6,1.4,0.3,4.1,3.2,42.4,122,112,12.8,0.496,0.45,0.375,2.5,5.2,3.9,24.7,1.2,0.5,15.4,30.7
Lance Thomas\thomala01,PF,28,NYK,2,4.4,3,8.2,2.2,2.6,1.7,5.7,7.3,1.8,1.1,0.3,1.3,4.4,14.2,108,114,6.4,0.512,0.418,0.214,4.1,10.8,7.5,3.9,0.9,1.2,13.1,11
Klay Thompson\thompkl01,SG,26,GSW,4.9,11.8,6.8,13.2,3.4,4,0.9,4.3,5.2,2.9,1.2,0.7,2.3,2.5,31.6,111,108,16.8,0.608,0.449,0.086,1.5,10.9,6.6,11.2,1,1.4,9.4,23.5
Tristan Thompson\thomptr01,C,25,CLE,0,0.1,5.6,9.3,2.3,4.6,6.1,9.2,15.3,1.6,0.8,1.8,1.4,3.8,13.5,128,109,12.9,0.586,0,0.392,11.8,21.3,16.7,4.5,0.7,1.6,12.4,11.9
Anthony Tolliver\tollian01,PF,31,SAC,3.1,7.9,2.2,4.1,2.1,2.8,1.7,6.4,8.1,2.6,1.2,0.7,1.9,3.7,15.8,113,113,12.3,0.637,0.802,0.282,2.9,12.2,7.4,8.4,0.9,1.2,12.4,14.6
Karl-Anthony Towns\townska01,C,21,MIN,1.7,4.6,11.7,20.2,6,7.2,5,11.9,16.9,3.7,0.9,1.7,3.5,4,34.5,121,110,24,0.639,0.258,0.314,9.4,31,20.1,10.4,1.1,3.7,11.3,22.1
P.J. Tucker\tuckepj01,SF,31,PHO,1.4,4,3,6.4,1.8,2.3,2.8,7.3,10.1,2.1,2.5,0.4,1.5,4.2,11.8,109,111,7.9,0.526,0.663,0.173,4.6,20.1,12.3,4,1.8,0.8,13.6,9.7
P.J. Tucker\tuckepj01,SF,31,TOR,2,5,2.3,5.7,0.9,1.3,1.9,8.8,10.7,2.2,2.6,0.4,1.2,4.4,11.6,110,106,7.9,0.526,0.663,0.173,4.6,20.1,12.3,4,1.8,0.8,13.6,9.7
Evan Turner\turneev01,SF,28,POR,0.9,3.5,6.1,13,2.5,3.1,1.1,6.3,7.4,6.1,1.6,0.7,3,3.6,17.5,100,111,9.8,0.519,0.204,0.181,1.8,12.1,7.1,12.5,1.3,1,15.2,16.1
Myles Turner\turnemy01,C,20,IND,0.8,2.3,8,14.9,4.8,6,2.7,8.9,11.6,2.1,1.5,3.4,2.1,5.2,23.1,115,105,18.3,0.582,0.244,0.334,4.9,21.1,13.2,8,0.9,6.7,12,21.4
Tyler Ulis\ulisty01,PG,21,PHO,0.9,3.4,6.9,15.3,2.3,3,0.9,3.2,4,9.6,2,0.2,3.3,3.1,18.9,102,114,9.3,0.454,0.259,0.194,1.3,6.6,3.9,25.5,2.2,0.2,17.3,17.3
Jonas Valanciunas\valanjo01,C,24,TOR,0,0,9.6,17.2,4.3,5.3,5.5,13.1,18.6,1.4,0.9,1.5,2.6,5.3,23.5,120,105,21.9,0.634,0.082,0.317,12.2,30.8,21.6,6.5,0.8,2.7,13.4,21.9
Denzel Valentine\valende01,SG,23,CHI,3.8,10.7,1.5,4.1,0.7,0.9,0.6,7.2,7.8,3.3,1.5,0.4,2.5,4.4,15,95,108,12.1,0.54,0.529,0.065,2.4,18.5,10.2,16.6,1.3,0.4,11.1,16.1
Noah Vonleh\vonleno01,PF,21,POR,0.3,0.8,4.8,9.8,2.4,3.7,5.1,10,15.2,1.2,1.2,1.1,2.5,6,12.8,106,110,12.3,0.548,0.053,0.326,8.4,30,19.5,3.9,0.6,1.9,12.1,11.6
Nikola Vucevic\vucevni01,C,26,ORL,0.5,1.7,10.5,21.9,2.5,3.7,4,13.8,17.9,4.8,1.7,1.7,2.7,4.1,25.1,103,105,21.3,0.557,0.277,0.111,6.6,27.9,17.1,18.9,1.7,2.9,10.8,25.4
Dwyane Wade\wadedw01,SG,35,CHI,1.3,4.1,10.4,22.8,6.3,7.9,1.8,5.8,7.6,6.4,2.4,1.2,3.9,3.1,30.8,103,106,16.3,0.519,0.153,0.306,4.2,14.8,9.6,24.8,2.1,2.6,15.5,24.3
Dion Waiters\waitedi01,SG,25,MIA,3.1,7.8,7.1,16.3,3,4.6,0.7,4.9,5.6,7.3,1.5,0.7,3.8,3.5,26.6,101,109,10.8,0.487,0.415,0.168,1,8.5,4.8,20.6,1.3,0.8,13.7,25.3
Kemba Walker\walkeke02,PG,26,CHO,4.4,11,7.4,15.5,5.6,6.6,0.8,4.8,5.6,7.9,1.6,0.4,3.1,2.2,33.5,113,111,20.9,0.561,0.422,0.323,1.4,9.4,5.3,28.9,1.6,0.8,9.9,27.8
John Wall\walljo01,PG,26,WAS,1.5,4.7,9.7,20.2,7.3,9.2,1,4.6,5.7,14.4,2.7,0.9,5.6,2.6,31.4,111,108,19.3,0.511,0.245,0.366,1.8,9.8,5.8,43.2,1.9,2.9,15.9,28.8
Taurean Waller-Prince\princta02,SF,22,ATL,1.7,5.1,4.1,9.2,3.7,4.7,1.3,6.6,7.9,2.8,2.2,1.4,3.1,4.8,16.8,96,105,11.5,0.543,0.435,0.171,2.5,16.8,9.6,11.6,1.6,1.6,16,19.8
T.J. Warren\warretj01,SF,23,PHO,0.6,2.3,8.8,16.7,2.8,3.6,2.9,5,7.9,1.8,1.8,0.9,1.3,4.1,22.2,113,113,18.3,0.545,0.094,0.245,6,11.7,8.8,8,1.4,1.6,7.3,25.4
David West\westda01,C,36,GSW,0.2,0.5,7.4,13.7,2.4,3.2,2.6,8.8,11.4,8.5,2.4,2.7,4.4,5.9,17.8,109,100,22.6,0.625,0.028,0.209,8,19,14,19.7,2.3,6.4,15.8,21.5
Russell Westbrook\westbru01,PG,28,OKC,3.5,10.2,10.9,23.8,12.4,14.7,2.4,12.7,15.1,14.7,2.3,0.5,7.7,3.3,44.8,112,104,25,0.514,0.205,0.32,5.3,24.8,14.7,50.9,2.8,0.5,15.8,34.9
Isaiah Whitehead\whiteis01,PG,21,BRK,1.3,4.3,4.6,10.4,2.6,3.3,0.9,4.4,5.3,5.5,1.2,1,4.1,5,15.7,91,113,12.4,0.546,0.203,0.257,2.6,13.2,7.9,22.1,2.1,0.9,22.6,28.4
Hassan Whiteside\whiteha01,C,27,MIA,0,0,10.9,19.5,4.5,7.2,5.9,15.9,21.8,1.1,1.1,3.2,3.1,4.5,26.3,113,100,24.6,0.592,0.006,0.309,13.3,38.6,26.1,5.6,1.4,5.8,13.1,24.3
Andrew Wiggins\wiggian01,SF,21,MIN,1.7,4.8,10.1,21.3,6.9,9,1.7,3.8,5.5,3.1,1.4,0.5,3.1,3,32.2,107,115,13.6,0.504,0.264,0.258,3.2,10.6,6.9,7.8,1.6,1.6,8.3,23.9
Lou Williams\willilo02,SG,30,LAL,4.2,11,7.1,14.5,10.6,11.9,0.5,4.1,4.6,6.4,2.3,0.4,4.2,2.3,37.4,118,114,22.2,0.597,0.44,0.37,1.7,6.7,4.2,27.6,1.7,0.6,13,30.2
Lou Williams\willilo02,SG,30,HOU,3.3,10.5,5,11,8,9.2,1,4.7,5.7,4.5,1.2,0.7,3.2,2,27.9,109,112,22.2,0.597,0.44,0.37,1.7,6.7,4.2,27.6,1.7,0.6,13,30.2
Marvin Williams\willima02,PF,30,CHO,2.7,7.7,3.8,7.7,2.9,3.3,1.9,9,10.9,2.3,1.3,1.2,1.3,2.9,18.6,111,108,14,0.624,0.532,0.202,3.9,16,9.9,6.7,1.3,1.1,9,13.8
Justise Winslow\winslju01,SF,20,MIA,0.6,2.8,5.9,15.3,2.3,3.8,1.9,5.7,7.6,5.3,2.1,0.5,2.7,4.2,15.8,88,107,10.4,0.487,0.242,0.19,4.7,21.7,13.3,13,1.3,1.6,14.4,15
Nick Young\youngni01,SG,31,LAL,5.3,13.2,3.2,6.6,2.4,2.8,0.8,3.5,4.3,1.8,1.2,0.4,1.1,4.3,24.8,118,116,11.6,0.594,0.682,0.112,1.5,7.1,4.6,3.4,1.5,0.6,7.3,18.3
Thaddeus Young\youngth01,PF,28,IND,1,2.6,7.1,12.7,1,1.9,2.9,7.1,10,2.7,2.5,0.6,2.1,3,18.2,109,107,14.8,0.542,0.235,0.081,6.8,13.2,10,9.1,2.4,1.1,9.9,17
Cody Zeller\zelleco01,C,24,CHO,0,0,7.4,12.9,3.9,5.7,3.9,7.9,11.8,2.9,1.8,1.7,1.9,5.5,18.6,121,107,15.3,0.557,0.01,0.594,12.7,17,14.8,6.4,1.2,4.5,15.3,16.5
Tyler Zeller\zellety01,C,27,BOS,0,0.1,7.4,14.8,2.1,3.7,4.1,7.7,11.7,4,0.7,2,1.9,5.8,16.8,109,109,15.5,0.587,0.114,0.262,9.3,19.9,14.5,6.6,0.6,2.3,12.1,17.8
Paul Zipser\zipsepa01,SF,22,CHI,2,5.9,3.3,7.3,1.9,2.4,0.9,6.6,7.5,2.2,0.9,1,2.4,4.7,14.3,96,109,4.1,0.423,0.42,0.095,1.7,16.4,8.8,7.4,1.2,1,16.2,15.1
Ivica Zubac\zubaciv01,C,19,LAL,0,0.2,10.1,18.8,2.6,3.9,3.3,9.4,12.7,2.4,1.1,2.6,2.4,5.3,22.7,108,110,1.2,0.429,0,0,6.6,15.7,11.1,2.9,0,0,26.3,16.6